height,agility_items,agility_calculated,strength_items,strength_calculated,resistance_items,resistance_calculated,expertise_items,expertise_calculated,life_items,life_calculated,individual_class,crossover,population_0_count,selection_1,selection_2,replace_1,replace_2,mutation,mutation_probability,stop_conditionK,A,B,id
1.3290669198613534,0.005174093015050654,5.1740930104334245e-05,0.15762991445799132,0.15762978390277363,68.57716148662125,0.5952587422540919,9.00270460641145,0.05387076771036522,72.25732989949427,61.85007333380074,WARRIOR,ANULAR,100,ROULETTE,UNIVERSAL,ELITE,BOLTZMANN,SESGO,MULTI_GEN_UNIFORM,1,max_generations,100,0.5,0.5,1
1.3235128371050786,0.010174178929472547,0.0001017417889436691,0.630291076123172,0.6302827297976509,57.568008311641066,0.5195185383305589,6.689460544351652,0.040077001058900615,85.10206588895466,69.16023094781531,WARRIOR,ANULAR,100,ROULETTE,UNIVERSAL,ELITE,BOLTZMANN,SESGO,MULTI_GEN_UNIFORM,1,max_generations,100,0.5,0.5,1
1.3343202442106095,0.003417552654478489,3.41755265314796e-05,0.15282595156024467,0.15282583258142252,78.25986918465054,0.6541957583433579,0.2562301469773725,0.001537377517371985,71.32765716415739,61.27273747446916,WARRIOR,ANULAR,100,ROULETTE,UNIVERSAL,ELITE,BOLTZMANN,SESGO,MULTI_GEN_UNIFORM,1,max_generations,100,0.5,0.5,1
